key,value,unit,note
grid_cols,24,клеток,Ширина уровня
grid_rows,13,клеток,Высота уровня
run_speed,4.5,клеток/с,Скорость бега вправо
gravity,30,клеток/с²,Гравитация
gravity_hold,18,клеток/с²,"Гравитация, пока кнопка зажата, желейка летит вверх и с отрыва прошло не больше hold_max_s"
hold_max_s,0.25,с,Сколько после отрыва действует удержание
jump_height,2.5,клеток,Расчётная высота прыжка без удержания: скорость отрыва = √(2 × gravity × jump_height)
fall_speed_max,20,клеток/с,Предел скорости падения
hero_half,0.4,клеток,Полуширина и полувысота желейки (желейка 0.8 × 0.8 клетки)
collide_inset,0.06,клеток,"Отступ при проверке опоры и стены, чтобы желейка не цеплялась за угол"
coyote_s,0.08,с,Прыжок ещё можно начать после схода с края
jump_buffer_s,0.12,с,Нажатие раньше приземления срабатывает при касании земли
respawn_s,0.4,с,Через сколько после гибели рождается следующая желейка
stuck_s,2.6,с,Без продвижения правее лучшей точки желейка лопается
stuck_warn_s,0.9,с,Последние секунды перед лопанием желейка дрожит
progress_eps,0.02,клеток,Продвижение — сдвиг правее лучшей точки больше этого
fall_out_margin,0.3,клеток,"Гибель от падения, когда верх желейки ниже поля больше чем на столько"
spike_x0,0.1,клетки,Опасная часть шипов: левый край в клетке
spike_x1,0.9,клетки,Опасная часть шипов: правый край в клетке
spike_y0,0.15,клетки,Опасная часть шипов: верхний край в клетке (нижний — край клетки)
spike_hero_inset,0.1,клеток,"Шипы касаются желейки, урезанной на столько с каждой стороны"
saw_radius,0.72,клеток,Пила убивает при расстоянии от центра желейки до центра пилы меньше этого
laser_period_s,3,с,Цикл лазера
laser_on_s,1.5,с,Сколько лазер горит в начале цикла
laser_warn_s,0.35,с,Пунктир в конце цикла перед включением
laser_alt_phase_s,1.5,с,Сдвиг цикла у лазера l
laser_x0,0.35,клетки,Луч: левый край в клетке
laser_x1,0.65,клетки,Луч: правый край в клетке
laser_hero_inset,0.1,клеток,"Луч касается желейки, урезанной на столько с боков"
laser_min_dy,0.95,клеток,"Луч бьёт, когда центр желейки ниже верха клетки излучателя больше чем на столько"
laser_freeze_dy,1.5,клеток,"Тело от лазера — не выше ряда, в котором точка на столько ниже верха клетки излучателя"
plate_eps,0.05,клеток,"Желейка стоит на плите, если ступни ближе к её верху, чем на столько"
plate_edge,0.05,клеток,Отступ от краёв плиты при проверке нажатия
flag_x0,0.2,клетки,Флаг: левый край области касания в клетке
stars_2_extra,2,желеек,2 звезды — если легион не больше пара + столько
par_window_s,0.1,с,Решение для пара: у каждого нажатия окно не меньше столько секунд подряд с тем же исходом жизни
par_tap_s,0.1,с,Решение для пара: короткий тап проходит с любой длиной до столько секунд
intro_s,2.2,с,Надпись «Уровень N — название» в начале уровня
done_input_delay_s,0.6,с,Окно итога не принимает нажатия первые столько секунд
camera_lead,0.38,доли,В портрете желейка стоит на этой доле ширины окна поля
camera_smooth,8,1/с,Скорость догоняния камеры в портрете
skip_after_extra_deaths,5,желеек,Пропуск и подсказка — после пар + столько гибелей (M4)
skip_after_s,90,с,…или после стольких секунд на уровне (M4)
extra_jellies,3,желеек,Награда «+3 желейки» на уровне с лимитом легиона (M4)
